아이언맨,https://www.themoviedb.org/t/p/original/318YNPBDdt4VU1nsJDdImGc8Gek.jpg,Jon Favreau,125,12,Robert Downey Jr.,SF,미국,2008,"천재적인 두뇌와 재능으로 세계 최강의 무기업체를 이끄는 CEO이자, 타고난 매력으로 셀러브리티 못지않은 화려한 삶을 살아가던 억만장자 토니 스타크. 아프가니스탄에서 자신이 개발한 신무기 발표를 성공리에 마치고 돌아가던 그는 게릴라군의 갑작스런 공격에 의해 가슴에 치명적인 부상을 입고 게릴라군에게 납치된다. 가까스로 목숨을 건진 그에게 게릴라군은 자신들을 위한 강력한 무기를 개발하라며 그를 위협한다. 그러나 그는 게릴라군을 위한 무기 대신, 탈출을 위한 무기가 장착된 철갑수트를 몰래 만드는 데 성공하고, 그의 첫 수트인 Mark 1를 입고 탈출에 성공한다."
인크레더블 헐크,https://www.themoviedb.org/t/p/w600_and_h900_bestv2/7vgnJ0xzhyl8eQuDk4BHjR78nne.jpg,Louis Leterrier,113,15,Edward Norton,액션,미국,2008,"실험 중 감마선에 노출된 이후 분노를 통제할 수 없는 상태가 되면 괴력을 지닌 녹색 괴물 헐크로 변하게 되는 브루스 배너. 필사적으로 치료제 개발에 매달리지만, 그의 능력을 이용하려는 정부와 군대의 끈질긴 추격을 받고 쫓기게 된다. 한편 헐크의 거대한 힘의 비밀을 파헤치던 이들은 헐크보다 더 파괴적인 어보미네이션을 만드는데 성공, 도시 전체를 집어삼키려 한다. 이에 브루스 배너는 정상적인 인생을 되찾으려던 계획을 버리고, 어보미네이션과 군대, 그리고 자기 자신과의 마지막 대결을 준비하는데..."
아이언맨 2,https://www.themoviedb.org/t/p/w600_and_h900_bestv2/7rUFYRfYV6c4yXiKBvKWOCRjimc.jpg,Jon Favreau,125,12,Robert Downey Jr.,SF,미국,2010,"세계 최강의 무기업체를 이끄는 CEO이자, 타고난 매력으로 화려한 삶을 살아가던 토니 스타크. 기자회견을 통해 자신이 아이언맨이라고 정체를 밝힌 이후, 정부로부터 아이언맨 수트를 국가에 귀속시키라는 압박을 받지만 이를 거부한다. 스타크 인더스트리의 운영권까지 수석 비서였던 페퍼 포츠에게 일임하고 히어로로서의 인기를 만끽하며 지내던 토니 스타크. 하지만 그 시각, 아이언맨의 수트 기술을 스타크 가문에 빼앗긴 후 쓸쓸히 돌아가신 아버지의 복수를 다짐해 온 위플래시는 수트의 원천 기술 개발에 성공, 치명적인 무기를 들고 직접 토니 스타크를 찾아 나선다."
토르: 천둥의 신,https://www.themoviedb.org/t/p/w600_and_h900_bestv2/f99ngOw3HByxzT85EgUdd7MF8c4.jpg,Kenneth Branagh,112,12,Chris Hemsworth,판타지,미국,2011,"파괴를 일삼는 요툰하임을 제압한 왕 오딘의 통치로 평화로운 나날을 보내고 있는 신의 세계 아스가르드. 오딘의 아들인 토르의 왕위 계승식이 있던 날, 요툰하임의 지배자인 라우페이는 평화 협정을 위반하고 아스가르드를 침입한다. 이 사건으로 왕위에 오르지 못한 토르는 분노와 모욕감에 요툰하임을 공격하지만 막강한 군대에 포위되어 위기에 몰리게 되고, 오딘은 토르의 오만하고 경솔한 행동에 분노해 토르의 신으로서의 능력을 박탈한 채 인간 세계 미스가르드로 추방한다. 한편 천체의 이상현상을 연구하던 과학자 제인 일행은 거대한 섬광의 흔적을 쫓던 중, 그 현장 한가운데서 지구에 떨어진 토르와 맞닥뜨린다."
캡틴 아메리카: 퍼스트 어벤져,https://www.themoviedb.org/t/p/w600_and_h900_bestv2/7UGGhpu1DWwVdvf1Bop73wfoYy7.jpg,Joe Johnston,123,12,Chris Evans,액션,미국,2011,"진주만 공습을 겪은 미국은 선전포고를 하고 제2차 세계대전에 발을 들인다. 스티브 로저스는 왜소하고 마른 체격으로 인해 입대마저 번번히 거부당하지만, 포기를 모르는 근성과 강한 희생 정신을 인정받아 최고의 전사를 양성하는 슈퍼 솔져 프로젝트에 스카우트된다. 비밀리에 진행된 실험을 통해 가장 완벽한 육체와 인간의 한계를 초월한 신체 능력을 얻게 된 스티브는 모두에게 캡틴으로 불리며 영웅으로 새롭게 태어난다. 하지만 거대한 히드라 조직을 앞세운 적의 공격은 한층 막강해지고, 그 핵심에 선 레드 스컬은 인류를 위협하는 최후의 전투를 준비하는데..."
어벤져스,https://www.themoviedb.org/t/p/w600_and_h900_bestv2/1uHRkB2Q00Y4i7I7KNd0jGi4OmY.jpg,Joss Whedon,142,12,Robert Downey Jr.,SF,미국,2012,"에너지원 큐브를 이용한 적의 등장으로 인류가 위험에 처하자 국제평화유지기구인 쉴드의 국장 닉 퓨리는 어벤져스 작전을 위해 전 세계에 흩어져 있던 슈퍼히어로들을 찾아나선다. 아이언맨부터 토르, 헐크, 캡틴 아메리카는 물론, 쉴드의 요원인 블랙 위도우, 호크 아이까지, 최고의 슈퍼히어로들이 어벤져스의 멤버로 모이게 되지만, 각기 개성이 강한 이들의 만남은 예상치 못한 방향으로 흘러가는데..."
아이언맨 3,https://www.themoviedb.org/t/p/w600_and_h900_bestv2/pGMfidaVkjMVHXNIl7yippnipFT.jpg,Shane Black,129,12,Robert Downey Jr.,SF,미국,2013,"어벤저스의 일원으로 활약한 뉴욕 사건 이후, 트라우마로 인해 영웅으로서의 삶에 회의를 느끼는 토니 스타크. 그가 혼란을 겪는 사이 최악의 테러리스트 만다린을 내세운 익스트리미스 집단 AIM이 스타크 저택에 공격을 퍼붓는다. 이 공격으로 그에게 남은 건 망가진 수트 한 벌 뿐. 모든 것을 잃어버린 그는 다시 테러의 위험으로부터 세계와 사랑하는 여인을 지켜내야 하는 동시에 머릿속을 떠나지 않던 한가지 물음의 해답도 찾아야만 한다. 과연 그가 아이언맨인가? 수트가 아이언맨인가?"
토르: 다크 월드,https://www.themoviedb.org/t/p/w600_and_h900_bestv2/aKnEwByCjXHpRoyOlSwYfmr9d5D.jpg,Alan Taylor,112,12,Chris Hemsworth,판타지,미국,2013,"어벤져스의 뉴욕 사건 후, 다시 신들의 고향인 아스가르드 왕국으로 돌아간 토르와 로키. 지구를 위협한 로키는 지하 감옥에 갇히고, 토르는 아버지 오딘과 함께 우주의 질서를 재정립하기 위해 나선다. 1년 후, 지구에 혼자 남은 제인은 우연히 태초부터 존재해왔던 어둠의 종족 다크 엘프의 무기 에테르를 얻게 된다. 이 사실을 안 다크엘프의 리더 말레키스는 에테르를 되찾기 위해 제인과 아스가르드를 공격하고, 토르는 사랑하는 여인 제인과 아스가르드 왕국을 지키기 위해 로키에게 위험한 동맹을 제안하게 된다."
캡틴 아메리카: 윈터 솔져,https://www.themoviedb.org/t/p/w600_and_h900_bestv2/vaMRzME3Dt73robEjOtDw4SPJGA.jpg,russo brothers,147,15,Chris Evans,액션,미국,2014,스티브 로저스는 외계의 뉴욕 침공 사건이 있은 뒤 워싱턴에서 쉴드 요원으로 살아가고 있다. 납치된 쉴드의 함선을 구출하는 작전을 펼치던 중 스티브는 닉 퓨리 국장과 블랙 위도우가 쉴드의 정보를 무단으로 수집하고 있다는 것을 알게 된다. 그리고 얼마 뒤 닉 퓨리는 윈터 솔져의 공격으로 눈을 감는다. 블랙 위도우와 함께 닉 퓨리가 남긴 USB를 분석하며 진실을 추적하던 스티브는 적이 쉴드 내부에 존재한다는 사실을 알게 된다. 설상가상 윈터 솔져가 캡틴 아메리카의 단짝 친구 버키라는 사실이 드러나는데...
가디언즈 오브 갤럭시,https://www.themoviedb.org/t/p/w600_and_h900_bestv2/w1NRMKrB4jytLgBgfA1CEuMBgBf.jpg,James Gunn,122,12,Chris Pratt,액션,미국,2014,"자칭 전설의 무법자 스타로드, 그러나 현실은 우주를 떠도는 그저그런 좀도둑에 불과한 피터 퀼은 무엇인지도 모른 채 오브를 훔쳤다가 생고생의 길로 접어든다. 값나가는 유물인 줄 알았던 오브가 실은 어마어마한 힘을 지닌 인피니티 스톤이었던 것. 뜻하지 않게 갤럭시의 절대악 타노스와 로난의 타겟이 된 그는 감옥에서 만난 암살자 가모라, 거구의 파이터 드랙스, 현상금 사냥꾼 로켓과 그루트 콤비와 불편한 동맹을 맺고 일명 가디언즈 오브 갤럭시를 결성하는데..."
어벤져스: 에이지 오브 울트론,https://www.themoviedb.org/t/p/w600_and_h900_bestv2/sTUiA9zY6O4qFlmRC69nG6dngTh.jpg,Joss Whedon,141,12,Robert Downey Jr.,액션,미국,2015,"토니 스타크는 뉴욕전쟁 때와 같은 사태가 벌어지지 않도록 한때 가동하려다 중단된 휴면 상태의 평화 유지 프로그램을 작동 시키려 한다. 배너 박사와 함께 지구를 지킬 최강의 인공지능 울트론을 탄생시키게 되지만, 울트론은 예상과 다르게 지배를 벗어나 폭주하기 시작하고 어벤져스는 지구의 운명이 걸린 거대한 시험대에 오르게 된다. 울트론이 자신을 복제해 위협을 가하자 이를 저지하기 위해 아이언맨, 캡틴 아메리카, 토르, 헐크, 블랙위도우, 호크아이 등으로 구성된 어벤져스와 새로 합류하게 되는 퀵 실버, 스칼렛 위치 남매와 불안한 동맹을 맺는다."
앤트맨,https://www.themoviedb.org/t/p/w600_and_h900_bestv2/3EFdR4QG1bJ7sxH7E1EhZF1LNZ0.jpg,Peyton Reed,117,12,Paul Rudd,SF,미국,2015,"하나뿐인 딸에게 멋진 아빠이고 싶지만 현실은 생계형 도둑인 스콧 랭. 하지만 전과자인 스콧의 새 출발은 번번이 좌절된다. 어느 날 그에게 몸을 자유자재로 늘리거나 줄일 수 있는 핌 입자를 개발한 과학자 행크 핌이 찾아와 수트와 헬멧을 건네며 앤트맨이 되어 줄 것을 요청한다. 행크는 앤트맨의 기술이 악용되는 것을 막기 위해 스콧에게 접근했고, 스콧을 앤트맨으로 훈련시켜 그 비밀기술을 훔쳐내려는 계획을 짠다. 어리둥절하지만 일단 한번 해보기로 결심한 스콧은 행크 핌의 딸인 호프의 도움을 받아 점차 히어로의 면모를 갖추어가게 되는데..."
캡틴 아메리카: 시빌 워,https://www.themoviedb.org/t/p/w600_and_h900_bestv2/vaMRzME3Dt73robEjOtDw4SPJGA.jpg,russo brothers,147,12,Robert Downey Jr.,모험,미국,2016,"어벤져스가 벌인 전투로 많은 사람들이 불의의 사고를 당하는 등 부수적인 피해가 일어나자 정부는 슈퍼히어로 등록제를 추진하려 한다. 어벤져스의 독자적인 판단에 맡기기보다 직접 관리, 감독하겠다는 게 정부의 속내. 아이언맨은 정부의 방침을 따라야 한다는 입장인 반면, 캡틴 아메리카는 정부의 감시 없이 자유롭게 지구를 지켜야 한다고 주장한다. 어벤져스 내부는 캡틴 아메리카(윈터 솔져, 팔콘, 호크아이, 스칼렛 위치, 앤트맨)와 아이언맨(블랙위도우, 워머신, 블랙 팬서, 비전, 스파이더맨) 두 입장으로 나뉘어 대립하게 되는데..."
닥터 스트레인지,https://www.themoviedb.org/t/p/w600_and_h900_bestv2/uvcPUOu88Wws5ZtCy6mpFA8WztS.jpg,Scott Derrickson,115,12,Benedict Cumberbatch,액션,미국,2016,"오만함과 실력 모두 최고인 신경외과 의사 닥터 스티븐 스트레인지는 운전 중에 핸드폰을 한 대가로 두 손의 신경이 끊어지는 심각한 부상을 입고 큰 상심에 빠진다. 게다가 모난 말들로 사랑하는 여인 크리스틴 팔머마저 그의 곁을 떠나게 만든다. 그는 치료를 위해 히말라야의 영적 지도자, 에인션트 원을 만나 마지막 희망을 걸고 수련을 시작한다. 스트레인지는 빠르게 마법을 터득해 나가는 동시에 세계의 작동원리와 우주를 정복하려는 도르마무 일당의 계략을 알게 된다."
가디언즈 오브 갤럭스 vol.2,https://www.themoviedb.org/t/p/w600_and_h900_bestv2/uDuwGhQgffd5GQ695oUfy5oZGqP.jpg,James Gunn,136,12,Chris Pratt,모험,미국,2017,타노스에 맞서 은하계를 구하고 최고의 해결사로 등극한 스타로드 일행. 하지만 소버린 행성의 여사제 아이샤를 돕던 중 옛버릇을 고치지 못하고 행성의 배터리를 훔쳤다가 소버린 종족에 쫓기는 신세가 된다. 그 과정에서 피터의 아버지 에고가 그들을 돕는다. 아픈 엄마와 어린 자신을 버리고 떠난 아버지에 대한 원망이 컸던 피터는 에고의 행성에서 아버지의 능력을 확인하곤 그 힘에 이끌린다. 하지만 가모라는 에고의 행성에서 이상한 기운을 감지한다. 한편 반란군에 의해 위기에 처한 욘두는 로켓과 그루트의 도움으로 목숨을 구한다.
스파이더맨: 홈커밍,https://www.themoviedb.org/t/p/w600_and_h900_bestv2/nS8700DvlmXBVX0UqZZwnCcFB1X.jpg,Jon Watts,133,12,Tom Holland,액션,미국,2017,"토니 스타크의 제안을 받고 시빌 워에 참여한 피터 파커는 다음 임무가 언제일지 설렘을 안고 하루하루를 보낸다. 토니는 MIT 진학 준비에 전념할 것을 권하지만 친절한 이웃에 머무는 것은 피터의 성에 차지 않는다. 한편 어벤져스 군단과 외계 세력의 전투로 생긴 산업폐기물을 처리하던 아드리안 툼즈는 그 일이 토니 스타크와 정부에 넘어가면서 하루아침에 빈털터리가 된다. 이에 앙심을 품은 아드리안은 외계 첨단무기를 훔쳐서 개조하는 빌런이 되고, 그의 존재를 알게 된 피터는 도움을 빌리지 않고 자기가 일을 해결해보려고 한다."
토르: 라그나로크,https://www.themoviedb.org/t/p/w600_and_h900_bestv2/jwswXltzpGaKZCtz1CiDjXHQYAs.jpg,Taika Waititi,130,12,Chris Hemsworth,액션,미국,2017,"은하계를 탐험하던 토르는 오딘의 오랜 숙적 수르트와의 대결에서 승리하는데, 수르트는 라그나로크가 이미 시작됐고, 막을 수 없을 것이라는 의미심장한 말을 남긴다. 한편 오딘의 힘이 약해지며 그가 봉인했던 죽음의 여신 헬라가 나타난다. 오딘의 첫째딸인 그녀는 두 동생, 토르와 로키를 가볍게 제압하고 아스가르드를 정복한다. 헬라와의 전쟁에서 묠니르를 잃고 사카아르라는 미지의 행성에 불시착한 토르는 아스가르드 행성으로 돌아가기 위해 고군분투한다. 행성의 통치자 그랜드 마스터는 행성 최고의 투사 챔피언과 싸워 이기면 행성을 떠나게 해주겠다고 토르에게 제안한다."
블랙 팬서,https://www.themoviedb.org/t/p/w600_and_h900_bestv2/iRkknrX0rRxZHSL79W2Rax0EFsL.jpg,Ryan Coogler,135,12,Chadwick Boseman,액션,미국,2018,"유엔 폭탄 테러로 아버지를 잃은 와칸다의 왕자 티찰라는 시빌 워 이후 고국 와칸다로 돌아가 왕좌에 오른다. 와칸다의 새로운 지도자 블랙팬서가 된 그는 옛 연인이자 와칸다의 스파이 나키아, 호위 무사 오코예와 함께 최강 희귀 금속 비브라늄 폭탄 거래가 이뤄지는 부산을 찾는다. 폭탄 거래의 배후에 있는 인물은 와칸다와 묘종의 연이 있는 정체불명의 남자, 에릭 킬몽거. 그는 놀라운 위력으로 티찰라를 제압하고 와칸다의 새로운 왕이 되려 하고, 이에 블랙 팬서는 피할 수 없는 전쟁에 나서는데..."
어벤져스: 인피니티 워,https://www.themoviedb.org/t/p/w600_and_h900_bestv2/kmP6viwzcEkZeoi1LaVcQemcvZh.jpg,russo brothers,149,12,Robert Downey Jr.,모험,미국,2018,"타노스는 6개의 인피니티 스톤을 획득해 신으로 군림하려 한다. 그것은 곧 인류의 절반을 학살해 우주의 균형을 맞추겠다는 뜻. 타노스는 닥터 스트레인지가 소유한 타임 스톤, 비전의 이마에 박혀 있는 마인드 스톤을 차지하기 위해 지구를 침략한다. 아이언맨과 스파이더맨은 가디언즈 오브 갤럭시의 멤버들과 타노스를 상대한다. 지구에선 캡틴 아메리카, 완다, 블랙 위도우, 블랙 팬서 등이 비전을 지키기 위해 뭉친다."
앤트맨과 와스프,https://www.themoviedb.org/t/p/w600_and_h900_bestv2/3E6b73EeYqY7PGJNJWjR9AANXVw.jpg,Peyton Reed,118,12,Paul Rudd,액션,미국,2018,"캡틴 아메리카의 요청으로 독일까지 가서 아이언맨 일행과 싸우고 돌아온 스콧은 어느 날 이상한 꿈을 꾼다. 그가 행크 핌 박사와 호프에게 꿈 이야기를 들려주자, 호프는 미지의 양자 영역에 갇혀버린 엄마 재닛의 메시지라는 것을 확신하게 된다. 행크 핌 박사는 자신의 비밀 연구소에서 그동안 개발해왔던 양자 터널과 탐색기를 이용해 1대 와스프 재닛의 구출작전을 펼치려 하지만, 시공간의 개념이 사라진 양자 영역으로 들어갈 수 있는 기술을 훔쳐 달아난 고스트 고스트가 나타나면서 일이 꼬여간다."
캡틴 마블,https://www.themoviedb.org/t/p/w600_and_h900_bestv2/drUQlYwVayHiOqzc8dCbDYQijxW.jpg,Anna Boden,124,12,Brie Larson,액션,미국,2019,"외계 크리 문명의 수도 할리, 캐롤 댄버스은 압도적인 능력을 가진 전사다. 그는 멘토 욘 로그로부터 힘을 통제하고 과거의 기억은 묻어야 한다는 가르침을 받고 있다. 그러던 어느 날, 변방 행성 토르파에서 스크럴 종족에게 붙잡혀 뇌를 스캔당한 캐롤은 과거 자신이 낯선 행성의 파일럿이었음을 알게 된다. 스크럴을 따돌리고 탈출하는 과정에서 공교롭게 C-53 행성, 즉 지구에 불시착한 캐롤. 우여곡절 끝에 쉴드 신참 요원 닉 퓨리에게 발견되어 팀을 이룬 그들은 지구로 향하는 더 큰 위협을 감지하고 힘을 합쳐 전쟁을 끝내야 하는데..."
어벤져스: 엔드게임,https://www.themoviedb.org/t/p/w600_and_h900_bestv2/n78LK2t1uQP68Ud0VXHRe0HmKOp.jpg,russo brothers,181,12,Robert Downey Jr.,모험,미국,2019,"어벤져스의 패배 이후 지구는 초토화됐고 남은 절반의 사람들은 정신적 고통을 호소하며 하루하루를 근근이 버텨나간다. 와칸다에서 싸우다 생존한 히어로들과 우주의 타이탄 행성에서 싸우다 생존한 히어로들이 뿔뿔이 흩어졌는데, 아이언맨과 네뷸라는 우주를 떠돌고 있고 지구에 남아 있는 어벤져스 멤버들은 닉 퓨리가 마지막에 신호를 보내다 만 송신기만 들여다보며 혹시 모를 우주의 응답을 기다리는 중이다. 애초 히어로의 삶을 잠시 내려놓고 가족과 시간을 보내던 호크아이 역시 헤아릴 수 없는 마음의 상처를 입은 채 사라지고 마는데..."
스파이더맨: 파 프롬 홈,https://www.themoviedb.org/t/p/w600_and_h900_bestv2/742vR63T1AcXzYwHypQpzZd89vh.jpg,Jon Watts,129,12,Tom Holland,액션,미국,2019,"어벤져스 멤버들과 타노스와의 대접전을 마친 뒤, 지난 5년 동안 사라졌던 사람들이 동시에 돌아왔다. 아이언맨이 떠난 채 한동안 지구를 구할 히어로가 공석인 상황을 수습할 히어로는 현재 스파이더맨 피터 파커뿐이다. 친구들과의 유럽 현장학습 도중 닉 퓨리의 부름을 받게 된 피터는 미스테리오라는 정체 모를 히어로와 힘을 합쳐 엘리멘탈이라는 괴생명체를 무찔러야 하는 상황에 처한다. 그런데 피터는 지구를 구하는 일보다 MJ에게 멋지게 고백할 계획이 우선인데..."
맨 오브 스틸,https://www.themoviedb.org/t/p/w600_and_h900_bestv2/8Qx9fp2lZJU4v67jks6MmOMBCQg.jpg,Zack Snyder,143,12,Henry Cavill,액션,미국,2013,"무리한 자원 채취로 크립톤 행성의 종말이 다가오자 조드 장군은 반란을 일으켜 자신들만의 왕국을 건설하려 한다. 이에 반대한 조엘은 크립톤인의 유전자 정보가 담긴 코덱스를 빼돌려 이를 갓 태어난 자신의 아들 칼엘과 함께 지구로 보내고, 반란에 실패한 조드 장군은 감옥에 갇힌다. 지구에 도착한 칼엘은 뒤늦게 자신의 정체를 알아내지만 감옥에서 탈출한 조드 장군의 공격을 받는다. 조드 장군은 코덱스를 되찾아 지구에 새로운 왕국을 건설하려 하고클라크 켄트는 자신을 그토록 괴롭혔던 지구인을 지키기 위해 조드 장군과 전면 승부를 벌인다."
배트맨 대 슈퍼맨: 저스티스의 시작,https://www.themoviedb.org/t/p/w600_and_h900_bestv2/nfdgwCossZkIEEaQ4iR80mX2iR3.jpg,Zack Snyder,151,12,Ben Affleck,액션,미국,2016,슈퍼맨과 조드 장군의 격렬한 전투 이후 메트로폴리스는 파괴되었고 슈퍼맨은 세계 최고 논쟁의 인물이 되어 버린다. 검증되지 않은 신과 같은 능력을 지닌 슈퍼맨의 등장에 사람들은 두려움에 빠지게 된다. 한편 배트맨은 그 동안 타락했던 많은 자들처럼 슈퍼맨 역시 언젠가 타락을 할 것이라 생각하며 사회에서 가장 위험한 존재로 여긴다. 세계의 미래를 위해 무모하고 제어할 수 없는 힘을 가진 슈퍼맨으로 인해 벌어졌던 일들을 바로 잡으려 한다. 배트맨과 슈퍼맨이 격돌하는 사이 인류를 위협할 새로운 위기가 빠르게 부상하기 시작하는데...
수어사이드 스쿼드,https://www.themoviedb.org/t/p/w600_and_h900_bestv2/n9S2wRfX8DKOP6elv9nX1IV32JJ.jpg,David Ayer,122,15,Margot Robbie,액션,미국,2016,"슈퍼맨의 사후, 점점 늘어가는 메타휴먼들에 국가적 위기를 느낀 아만다 월러 국장은 빌런들로 팀을 만들어 국가 위기상황에 대처하겠다는 계획을 세운다. 고고학자인 Dr. 준의 몸에 기생하게 된 마녀 인챈트리스는 자신의 심장을 차지한 월러국장의 말을 거역할 수 없다. 월러국장은 인챈트리스의 힘을 이용하여 수어사이드 스쿼드를 통제, 혹시 있을 메타휴먼에 대항하려 한다. 하지만 인챈트리스는 혼란을 틈타 도망쳐 오빠의 봉인을 풀고 그와 함께 이 세계를 멸망시키려 한다. 결국 수어사이드 스쿼드가 인챈트리스와 그의 오빠를 저지하기 위해 투입되는데..."
원더우먼,https://www.themoviedb.org/t/p/w600_and_h900_bestv2/oZGYR75RaSLQ8XdJIVerYnOdhFx.jpg,Patty Jenkins,141,12,Gal Gadot,액션,미국,2017,"수천년 간 존재를 숨긴 채 지구를 수호하던 데미스키라의 공주 다이애나는 어느 날 하늘에서 이상한 움직임을 포착한다. 1차 세계대전에 참전해 스파이 활동을 벌이다가 격추된 미국인 조종사 스티브가 해변에 불시착한 것. 태어나 처음으로 남성을 보게 된 다이애나는 호기심을 감추지 못하고, 데미스키라의 일원들은 그가 파멸을 가져올 수도 있음을 경고한다. 다이애나는 엄마이자 여왕인 히폴리타의 반대에도 불구하고 나치군의 추격을 따돌리면서 그들의 생화학무기 공격을 비밀리에 막아야 하는 스티브를 따라나선다."
잭 스나이더의 저스티스 리그,https://www.themoviedb.org/t/p/w600_and_h900_bestv2/qd7iPB26bwMPZqRcnflzAeDkMn.jpg,Zack Snyder,242,17,Ben Affleck,액션,미국,2021,"슈퍼맨이 죽고 지구에 어둠의 그림자가 드리운다. 마더박스를 차지하기 위해 빌런 스테픈울프가 파라데몬 군단을 이끌고 지구에 온 것이다. 지구를 지키기 위해 목숨을 바친 슈퍼맨의 희생이 헛되지 않도록 하기 위해 브루스 웨인은 다이애나 프린스와 적에 맞서기로 한다. 배트맨과 원더 우먼은 새로이 등장한 위협에 맞서 싸우기 위해 특별한 능력을 가진 메타휴먼, 아쿠아맨과 사이보그, 플래시를 찾아가 설득하여 힘을 합친다. 드디어 한 팀이 된 저스티스 리그. 혹시 스테픈울프와 데사드 그리고 다크사이드를 물리치기에 너무 늦어버린 것이 아닐까?"
아쿠아맨,https://www.themoviedb.org/t/p/w600_and_h900_bestv2/5tetypC0S7BwpBk1ZG36wExvNYj.jpg,James Wan,143,12,Jason Momoa,액션,미국,2018,"정략결혼을 피해 해저 왕국 아틀란티스에서 도망쳐 육지로 오게 된 아틀라나는 등대지기 톰과 사랑에 빠진다. 아틀란티스의 세력으로부터 남편과 아들 아서를 지키기 위해서 아틀라나는 바다로 돌아가고, 육지에 남은 아서는 어릴 때부터 자신의 초능력을 인지해 인간세계의 해적을 물리치는 등 나름의 활약을 펼친다. 한편 아서의 이부형제 옴은 육지를 정복하기 위한 작전을 세운다. 옴의 약혼자이자 네레우스 왕의 딸 메라는 아서에게 평화를 위해 해저 7개 왕국의 왕이 되어야만 한다고 설득하는데..."
샤잠,https://www.themoviedb.org/t/p/w600_and_h900_bestv2/dtC4HdEMKuPaxvXFuYhBiylV2zL.jpg,David F. Sandberg,132,12,Zachary Levi,액션,미국,2019,10대 소년 빌리 뱃슨은 어릴 적 엄마와 헤어진 뒤 위탁 가정을 떠돌고 있다. 한편 어둠의 존재를 봉인 중인 마법사는 자신의 뒤를 이를 후계자를 찾고 있다. 어린 시절 순수하지 못하다는 이유로 마법사에게 거부당한 시바나는 오랜 시간 숨겨진 장소를 찾던 끝에 영원의 바위에 도착하여 7개의 대죄를 해방시키고 어둠의 힘을 얻는다. 이에 마법사는 빌리를 후계자로 정하고 샤잠의 힘을 전수한다. 슈퍼 파워를 얻게 된 빌리는 자신의 능력을 깨닫고 악당을 물리치는 슈퍼히어로로 다시 태어나는데...
버즈 오브 프레이,https://www.themoviedb.org/t/p/w600_and_h900_bestv2/1HjYMW5Je0D8JkRl5DEXJSdVtDK.jpg,Cathy Yan,109,15,Margot Robbie,액션,미국,2020,"오랜 연인이던 조커와 헤어진 할리 퀸은 처음 맞이한 해방에 황홀함을 느낀다. 하지만 조커라는 방패막이 사라지자 평생 처음 무방비 상태에 놓인 할리 퀸을 고담시에서 가장 비열한 범죄왕 로만 시오니스와 고담의 모든 갱들이 노린다. 통제 불능의 상태에서 카산드라라는 소매치기가 로만의 부하에게서 모든 권력과 고담시 지하 세계 전체의 지배권을 차지할 열쇠인 금융 정보가 암호화되어 있는 다이아몬드를 훔치면서 사건을 걷잡을 수 없이 급변한다. 로만 손에 죽을 위기에 처한 할리 퀸은 헌트리스, 블랙 카나리, 르네 몬토야와 새로운 팀을 결성해 로만에 맞서는데..."
원더우먼 1984,https://www.themoviedb.org/t/p/w600_and_h900_bestv2/ss6A2u6YiHTEWeVR01GtTUoO2Xj.jpg,Patty Jenkins,150,12,Gal Gadot,판타지,미국,2020,"사랑의 힘으로 시련을 딛고 진정한 슈퍼히어로로 거듭난 원더 우먼 다이애나 프린스는 고고학자로서 인간들 사이에서 조용히 살고 있다. 다이애나의 마음 한편엔 세상을 떠난 연인 스티브 트레버의 빈자리가 여전하다. 그녀의 주변이 어수선해지기 시작한 건 동료 바바라가 관리 중이던 고대 유물을 수상한 석유 부자 맥스 로드에게 맡기고서부터. 사람들의 소원을 들어주는 대가로 그들에게서 가장 소중한 것을 앗아가는 빌런이 세상을 어지럽히기 시작하고, 다이애나의 앞엔 거짓말처럼 죽었던 스티브가 나타나는데..."
배트맨 비긴즈,https://www.themoviedb.org/t/p/w600_and_h900_bestv2/sb3V2fPhNDRRUvHJW4pQaeHbDxm.jpg,Christopher Nolan,140,12,Christian Bale,액션,미국,2005,"브루스 웨인은 어린 시절, 부모님이 길거리에서 피살되는 것을 눈 앞에서 지켜본 후 죄의식과 분노로 늘 고통 받는다. 복수의 욕망과 부모님의 가르침 사이에서 갈등하던 그는 악을 물리칠 방법을 터득하기 위해 고담시를 떠나 홀로 세상을 유랑하던 중 듀커드라는 수수께끼의 인물을 만나 가름침을 받고, 듀커드는 브루스에게 어둠의 사도들에 가입하라는 제안을 한다. 듀커드가 속해있는 어둠의 사도들은 라스 알 굴이 이끄는 범죄 소탕 조직. 그러나 브루스는 눈에는 눈, 이에는 이라는 강경책으로 응징하는 이들의 방법이 자신과는 맞지 않음을 깨닫고 고담시로 돌아온다."
다크나이트,https://www.themoviedb.org/t/p/w600_and_h900_bestv2/e1nMtpUTtaJGXbeZZ2ajaIOyTgU.jpg,Christopher Nolan,152,15,Christian Bale,드라마,미국,2008,"범죄와 부정부패를 제거하여 고담시를 지키려는 배트맨. 그는 짐 고든 형사와 패기 넘치는 고담시 지방 검사 하비 덴트와 함께 도시를 범죄 조직으로부터 영원히 구원하고자 한다. 세 명의 의기투합으로 위기에 처한 악당들이 모인 자리에 보라색 양복을 입고 얼굴에 짙게 화장을 한 괴이한 존재가 나타나 배트맨을 죽이자는 사상 초유의 제안을 한다. 그는 바로 어떠한 룰도, 목적도 없는 사상 최악의 악당 미치광이 살인광대 조커. 배트맨을 죽이고 고담시를 끝장내버리기 위한 조커의 광기 어린 행각에 도시는 혼란에 빠지는데..."
다크나이트 라이즈,https://www.themoviedb.org/t/p/w600_and_h900_bestv2/stbZZs3WMPr9rvAT92Qd8gXCUfx.jpg,Christopher Nolan,164,15,Christian Bale,액션,미국,2012,"배트맨이 조커와의 대결을 끝으로 세상에서 모습을 감춘 8년 후, 하비 덴트의 죽음에 대한 책임을 떠안은 배트맨은 모든 것을 희생하며 떠난다. 범죄방지 덴트법으로 인해 한동안 평화가 지속되던 고담시의 파멸을 예고하며 나타난 마스크를 쓴 잔인한 악당, 최강의 적 베인이 등장한다. 베인은 배트맨이 스스로 택한 유배 생활에 종지부를 찍게 하지만, 다시 돌아온 배트맨에게 베인은 만만한 상대가 아니다. 자신을 거부한 사람들의 고통을 지켜볼 것인가, 정의의 수호자로 나설 것인가. 배트맨은 승패를 알 수 없는 마지막 전투를 시작하려 하는데..."
조커,https://www.themoviedb.org/t/p/w600_and_h900_bestv2/wrCwH6WOvXQvVuqcKNUrLDCDxdw.jpg,Todd Phillips,122,15,Joaquin Phoenix,범죄,미국,2019,"홀어머니와 사는 아서 플렉은 코미디언을 꿈꾸지만 그의 삶은 좌절과 절망으로 가득 차 있다. 광대 아르바이트는 그에게 모욕을 가져다주기 일쑤고, 긴장하면 웃음을 통제할 수 없는 신경병 증세는 그를 더욱 고립시킨다. 정부 예산 긴축으로 인해 정신과 약물을 지원하던 공공의료 서비스마저 없어져 버린 어느 날, 아서는 지하철에서 시비를 걸어온 증권사 직원들에게 얻어맞던 와중에 동료가 건네준 권총으로 그들을 쏴 버리고 만다. 군중들은 지배계급에 대한 저항의 아이콘이 된 그를 추종하기 시작하며 광대 마스크로 얼굴을 가리고 거리로 쏟아져 나오기 시작하는데..."
마법사의 돌,https://www.themoviedb.org/t/p/w600_and_h900_bestv2/y1idJpIerVcF2RyESW3IaVaJQEO.jpg,Chris Columbus,152,0,Daniel Radcliffe,모험,영국,2001,"해리 포터는 위압적인 버논 숙부와 냉담한 이모 페투니아, 욕심 많고 버릇없는 사촌 더즐리 밑에서 갖은 구박을 견디며 계단 밑 벽장에서 생활한다. 이모네 식구들 역시 해리와의 동거가 불편하기는 마찬가지. 이모 페투니아에겐 해리가 이상한 언니 부부에 관한 기억을 떠올리게 만드는 달갑지 않은 존재다. 11살 생일이 며칠 앞으로 다가왔지만 한번도 생일파티를 치르거나 제대로 된 생일선물을 받아 본 적이 없는 해리로서는 특별히 신날 것도 기대 할 것도 없다. 11살 생일을 며칠 앞둔 어느 날 해리에게 초록색 잉크로 쓰여진 한 통의 편지가 배달된다. 그 편지의 내용은 다름 아닌 해리의 11살 생일을 맞이하여 호그와트에서 보낸 입학 초대장이었다. 그리고 해리의 생일을 축하하러 온 거인 해그리드는 해리가 모르고 있었던 해리의 진정한 정체를 알려주는데..."
비밀의 방,https://www.themoviedb.org/t/p/w600_and_h900_bestv2/sfs4U6XpiKFngbbSzrpZbkM1ySI.jpg,Chris Columbus,160,0,Daniel Radcliffe,모험,영국,2002,"해리 포터에겐 이번 여름방학이 별로 즐겁질 못했다. 마법이라면 질색을 하는 페투니아 이모와 버논 이모부의 구박도 그렇지만, 무엇보다 속상한 건 단짝이었던 론 위즐리와 헤르미온느 그레인저가 그 사이 자신을 까맣게 잊었는지 자신의 편지에 답장 한 통 없다는 것. 그러던 어느날 꼬마 집요정 도비가 해리의 침실에 나타나 뜻밖의 얘기를 한다. 호그와트 마법학교로 돌아가면 무서운 일을 당할 거라는 것. 도비는 해리를 학교에 못 가게 하려고 자신이 여태까지 론과 헤르미온느의 답장을 가로채 왔음을 고백한다. 그러나 도비와 더즐리 가족의 방해에도 불구, 해리는 론과 그의 형제들이 타고 온 하늘을 나는 자동차를 타고 이모집을 탈출, 따뜻한 가족애가 넘치는 론의 집으로 가는데..."
아즈카반의 죄수,https://www.themoviedb.org/t/p/w600_and_h900_bestv2/anwNl1xbzXoj5Ax1nVw3WoDzHlw.jpg,Alfonso Cuarón,136,0,Daniel Radcliffe,모험,영국,2004,"13세가 된 해리 포터는 또 한번의 여름 방학을 이모 가족인 더즐리 일가와 우울하게 보내야 했다. 물론 마법을 쓰는 건 일체 금지. 하지만, 버논 이모부의 누이인 마지 아줌마가 더즐리 가를 방문하면서 상황은 변한다. 위압적인 마지는 해리에겐 늘 공포의 대상. 마지 아줌마 때문에 스트레스를 받던 해리는 급기야 실수로 그녀를 거대한 괴물 풍선으로 만들어 하늘 높이 띄워 보내버리고 만다. 이모와 이모부에게 벌을 받을 것도 두렵고, 일반 세상에선 마법 사용이 금지돼 있는 것을 어겼기 때문에 호그와트 마법학교와 마법부의 징계가 걱정된 해리는 밤의 어둠 속으로 도망치지만, 순식간에 근사한 보라색 3층 버스에 태워져 한 술집으로 인도되고 마는데..."
불의 잔,https://www.themoviedb.org/t/p/w600_and_h900_bestv2/h6BhNwNXg0IEbs2PoWfCX9QEvgl.jpg,Mike Newell,157,12,Daniel Radcliffe,모험,영국,2005,"요즘 들어 매일 꾸는 악몽 때문에 이마의 상처에 더욱 통증을 느끼는 해리는 친구 론과 헤르미온느와 함께 퀴디치 월드컵에 참가해 악몽에서 벗어날 수 있게 돼 마냥 기쁘다. 그러나 퀴디치 캠프장 근방 하늘에 불길한 기운이 나타난다. 바로 마왕 볼드모트의 상징인 어둠의 표식이 나타난 것. 볼드모트가 13년 전에 자취를 감춘 뒤, 감히 모습을 드러내지 못했던 그의 추종자 데스 이터들이 그 표식을 불러낸 것이다. 두려움으로 가득 찬 해리는 안전한 호그와트 마법학교로 돌아가고 싶어한다. 덤블도어 교장이라면 자신을 지켜줄 수 있을 것이기에. 그러나 올해는 예년과 상황이 좀 다른데..."
불사조 기사단,https://www.themoviedb.org/t/p/w600_and_h900_bestv2/LcI8YBTxxsVVfxyJPkTM4nsFS6.jpg,David Yates,137,0,Daniel Radcliffe,모험,영국,2007,"길고도 지루한 여름 날 호그와트 마법학교 다섯 번째 해를 기다리고 있는 해리포터(다니엘 래드클리프). 이모부 더즐리 식구들과 참고 사는 것도 지겨운데다 친구 론(루퍼트 그린트)과 헤르미온느(엠마 왓슨)에게서는 편지 한 통 오지 않는다. 그러던 중 예상치 못했던 편지 한 장이 도착한다. 그것은 해리가 학교 밖인 리틀 위닝에서 얄미운 사촌 두들리, 즉 머글 앞에서 디멘터들의 공격을 막는 마법을 사용했기 때문에 호그와트 마법학교에서 퇴학 당하게 되었다는 소식이었다. 앞이 캄캄한 해리. 갑자기 어둠의 마법사 오러들이 나타나 해리를 불사조 기사단의 비밀 장소로 데리고 가는데..."
혼혈 왕자,https://www.themoviedb.org/t/p/w600_and_h900_bestv2/fHfnrfpQXt91XN4XBh9DMDFuYdq.jpg,David Yates,155,0,Daniel Radcliffe,모험,영국,2009,
죽음의 성물 1부,https://www.themoviedb.org/t/p/w600_and_h900_bestv2/lOXvz8HrgOkp7AXGQp1APKeZqag.jpg,David Yates,146,0,Daniel Radcliffe,모험,영국,2010,"덤블도어 교장의 죽음 이후, 마법부는 죽음을 먹는 자들에게 점령당하고 호그와트는 위기에 빠진다. 성년이 되며 해리를 지켜주던 수호 마법은 사라지고 해리와 론, 헤르미온느는 볼드모트 영혼의 조각이 보관된 호크룩스를 찾아 파괴하기 위한 모험을 떠난다. 그러나 이미 볼드모트에 의해 장악된 마법세계에서 죽음을 먹는 자들을 피해 숨어다니는 것만으로도 쉽지 않다. 세 사람에게 남겨진 덤블도어의 유품은 수수께끼처럼 그저 막막하고, 아무런 단서도 없이 떠난 그들의 모험은 불안과 초조함으로 가득하다. 계속되는 시련의 나날 속에 세 친구는 끊임없이 서로에 대한 믿음과 숙명에 대한 의지를 시험받는다."
죽음의 성물 2부,https://www.themoviedb.org/t/p/w600_and_h900_bestv2/ehUeFvQeo8Vr2aDIKLsLbC8okcw.jpg,David Yates,130,0,Daniel Radcliffe,판타지,영국,2011,덤블도어 교장이 남긴 죽음의 성물의 단서를 쫓던 해리 포터는 볼드모트가 그토록 찾아 다닌 절대적인 힘을 가진 지팡이의 비밀을 통해 드디어 마지막 퍼즐을 완성한다. 볼드모트의 영혼이 담긴 다섯 번째 호크룩스를 찾기 위해 마법학교 호그와트로 돌아온 해리와 친구들은 그들을 잡으려는 보안마법에 걸려 위기를 맞지만 덤블도어의 동생인 에버포스의 도움으로 벗어난다. 그리고 그에게서 덤블도어와 어둠의 마법사 그린델왈드에 관한 놀라운 과거에 대해 알게 된다. 한편 볼드모트는 해리에 의해 호크룩스들이 파괴되었음을 느끼고 호그와트로 향한다. 해리를 주축으로 한 불사조 기사단과 죽음을 먹는 자들 간의 전투가 벌어지며 호그와트는 거대한 전쟁터로 변하게 되는데...
신비한 동물사전,https://www.themoviedb.org/t/p/w600_and_h900_bestv2/1HHH1YR2UL5JLkrsbO6gfcg0gna.jpg,David Yates,132,12,Eddie Redmayne,모험,영국,2016,"1926년 뉴욕, ‘검은 존재’가 거리를 쑥대밭으로 만들고 미국의 마법의회 MACUSA의 대통령과 어둠의 마법사를 체포하는 오러의 수장 그레이브스가 이를 추적하는 혼돈 속에 영국의 마법사 뉴트 스캐맨더가 이 곳을 찾는다. 그의 목적은 세계 곳곳에 숨어있는 신비한 동물들을 찾기 위한 것. 여행을 하면서 다양한 크기의 신비한 동물을 구조해 안에 마법의 공간이 있는 가방에 넣어 다니며 보살핀다. 하지만 은행을 지나던 중 금은보화를 좋아하는 신비한 동물인 니플러가 가방 안에서 탈출을 하고 이 일로 전직 오러였던 티나와 노마지 제이콥과 엮이게 된다. 이 사고로 뉴트와 제이콥의 가방이 바뀌면서 신비한 동물들이 대거 탈출을 하고 그들은 동물들을 찾기 위해 뉴욕 곳곳을 누빈다. 한편, ‘검은 존재’의 횡포는 더욱 거세져 결국 인간 사회와 마법 사회를 발칵 뒤집는 사건이 발생하고, 이 모든 것이 뉴트의 소행이라는 오해를 받게 되는데…"
신비한 동물들과 그린델왈드의 범죄,https://www.themoviedb.org/t/p/w600_and_h900_bestv2/6Ik5hJ6gOYvc5F1DdKQaAwamsKd.jpg,David Yates,134,12,Eddie Redmayne,모험,영국,2018,"마법 세계와 비마법 세계의 공존을 깨려고 했던 그린델왈드는 뉴트 스캐맨더와 미국 마법부 의회에 의해 붙잡혔지만, 유럽으로 이송하는 과정에서 탈출하고 만다. 그린델왈드의 탈출 목적은 프랑스 파리에 머무는 것으로 추정되는 크레덴스를 포섭해 자신의 수하로 삼는 것. 영국으로 돌아왔던 뉴트는 덤블도어 교수로부터 자신은 나설 수 없으니 그린델왈드에 맞서달라는 지령을 받고 역시 파리로 향한다. 뉴트의 친구들, 제이콥과 퀴니, 그리고 오러로 복귀한 티나도 각자의 이유로 파리로 향하는데..."
스타워즈:새로운 희망,https://www.themoviedb.org/t/p/w600_and_h900_bestv2/7XFfURIFCJxN1mfBg0SAjk5yGzg.jpg,George Lucas,121,12,Mark Hamill,모험,미국,1977,"공화국이 붕괴하고 제국이 수립된 뒤 20년, 제다이 기사단은 전멸하고 강력한 제국군의 횡포에 은하계는 공포에 휩싸여 있다. 그러던 중 공화국 재건을 노리는 반란군이 제국군의 비밀병기 데스스타 설계도를 훔쳐 달아나고 제국군은 이를 쫓는다. 하지만 결국 제국의 손에 붙잡히게 된 그들은 드로이드 R2-D2에 설계도를 넣어서 R2의 친구 C-3PO와 탈출시키는 데 성공하고, 두 드로이드 콤비는 타투인의 시골 마을에서 숙부와 함께 살고 있던 청년 루크 스카이워커에게 오게 되는데..."
스타워즈:제국의 역습,https://www.themoviedb.org/t/p/w600_and_h900_bestv2/icaO5w8uLVm4JxMew71JJrQE2YX.jpg,George Lucas,124,12,Mark Hamill,모험,미국,1980,"제국군은 데스스타를 잃은 뒤에도 여전히 강력한 화력으로 반란군을 수세로 몰아넣었고, 반란군은 게릴라전을 위해 얼음으로 뒤덮인 행성 호스에 은신한다. 하지만 결국 제국군에 의해 호스의 반란군 기지마저 탄로나게 되고, 일행은 필사적으로 호스를 탈출해 다시 정처없는 피난길에 오른다. 반란군의 피난길에 함께 오르던 루크는 포스의 영이 된 오비완으로부터 제다이 마스터 요다를 찾아가라는 메시지를 받고 요다가 있는 정글 행성 대고바로 향한다. 루크는 요다를 만나 제다이가 되기 위한 훈련을 시작하고 솔로 일행은 제국군을 따돌리기 위해 옛 친구 랜도를 찾아가는데..."
스타워즈:제다이의 귀환,https://www.themoviedb.org/t/p/w600_and_h900_bestv2/qUA5lGAXzgr9UDKvUreiLOGa9fM.jpg,George Lucas,133,12,Mark Hamill,모험,미국,1983,"루크와 그의 일행은 우주해적 자바 더 헛에게 잡혀간 한 솔로를 구하기 위해 그들의 본거지이자 그의 고향행성인 타투인으로 향한다. 한편 제국군은 반란군을 멸하기 위해 엔도 행성의 상공에서 두 번째 데스스타를 건조하기 시작한다. 이제 포스의 모든 것을 터득한 루크가 정면으로 도전해 자바 일당을 물리치고 한을 무사히 구출해 낸다. 데고바로 돌아간 루크는 뜻하지 않게 요다의 임종을 맞이하게 되고, 그 자리에서 베이더와의 관계와 함께 또 다른 비밀인 자신의 쌍둥이 누이에 대하여 전해 듣게 되는데..."
스타워즈:보이지 않는 위험,https://www.themoviedb.org/t/p/w600_and_h900_bestv2/pt7oxFkvQFzXD0ByCe1uJumL6vD.jpg,George Lucas,136,0,Jake Lloyd,모험,미국,1999,"공화국력 BBY 32년, 공화국이 큰 분쟁에 휩싸인다. 상인 조직인 무역 연합이 암흑에 가린 세력의 조종을 받고 나부 행성을 봉쇄해버린 것. 분쟁을 해결하기 위해 은하계 원로 회의는 콰이곤 진과 오비완 케노비 두 제다이를 파견한다. 타투인 행성에서 그는 노예 구역에서 어머니와 살고 있는 아나킨 스카이워커라는 소년을 만나 그가 미래의 은하계를 구할 수 있는 강한 힘을 가진 인물임을 믿고 그를 데려간다. 한편 나부 행성이 침입을 받자 아미달라 여왕은 은하계 원로 회의에 도움을 청하나, 원로 회의는 힘을 상실한 상태로 나부 행성은 위험에 처하게 되는데..."
스타워즈:클론의 습격,https://www.themoviedb.org/t/p/w600_and_h900_bestv2/uGfoiO5T8astFTYeutTfdjfz03m.jpg,George Lucas,142,0,Hayden Christensen,모험,미국,2002,"공화국으로부터 분리하려는 수백개의 행성연합은 은하계의 거대하고 새로운 위험으로 등장한다. 생명의 위협을 느끼는 아미달라 여왕의 신변 보호를 위해 아나킨과 오비완에게 경호 임무가 부여여된다. 공화국 수상 팰퍼핀의 야욕은 어마어마한 클론 군대를 비밀리에 양성하고, 오비완 캐노비는 암살 의혹을 파헤치던 임무 중에 클론의 존재를 감지한다. 분리주의 세력과 공화국과의 걷잡을 수 없는 갈등은 마침내 거대한 전쟁을 불러오게 된다. 아나킨은 최고의 제다이 기사가 되고 싶은 욕망과 스승인 오비완과의 우정과 갈등, 여왕과의 사랑으로 갈등하는데..."
스타워즈:시스의 복수,https://www.themoviedb.org/t/p/w600_and_h900_bestv2/vFXQNkHNBuWg01nIWOfmngL9yJ4.jpg,George Lucas,139,0,Hayden Christensen,SF,미국,2005,"클론 전쟁이 시작되었던 때로부터 3년이 지나고 팰퍼틴 의장과 제다이 사이의 불화는 더욱 커져 클론 전쟁은 더 이상 걷잡을 수 없게 격화된다. 자신이 제다이가 될 것임을 굳게 믿고 있던 아나킨은 제다이 기사 자격을 줄 수 없다는 기사단의 결정에 절망하고, 스승인 오비완과의 갈등은 더욱 깊어만 간다. 그런 아나킨에게 자신의 정체를 드러낸 펠퍼틴은 절대적인 힘을 갖게 해 주겠다며 그를 유혹하고, 아나킨은 점점 어둠의 힘에 이끌려 변해간다. 어둠의 세력에 완전히 장악 당한 아나킨은 자신에게는 아버지나 다름없는 오비완과 맞닥뜨리게 되는데..."
스타워즈:깨어난 포스,https://www.themoviedb.org/t/p/w600_and_h900_bestv2/eOD7WQULbncPmiETBPmvDxBCpKY.jpg,J.J. Abrams,135,12,Daisy Ridley,액션,미국,2015,"2번째 데스 스타가 파괴되고 다스 베이더가 사망한 지 약 30년 후, 마지막 남은 제다이인 루크 스카이워커가 사라졌다. 몰락한 은하 제국으로부터 일어난 퍼스트 오더는 루크와 공화국을 찾아내 제거하려 한다. 공화국과 루크의 쌍둥이 여동생 레이아 오르가나가 이끄는 저항군은 퍼스트 오더를 저지하고 루크의 도움을 받기 위해 루크를 찾는다. 저항군 최고의 파일럿 포 다메론은 자쿠 행성의 마을 장로를 만나 루크가 있는 장소의 지도를 얻는다. 카일로 렌이 이끄는 스톰트루퍼들은 마을을 파괴하고 포를 붙잡지만, 포의 드로이드 BB-8는 지도를 갖고 탈출하고 부랑자 레이를 만나게 된다."
스타워즈:라스트 제다이,https://www.themoviedb.org/t/p/w600_and_h900_bestv2/n7j35xkQn0swL7DoProA3qfE2I2.jpg,George Lucas,152,12,Daisy Ridley,SF,미국,2017,"악의 세력인 무자비한 퍼스트 오더가 은하계를 장악한 시대. 레아 장군의 저항군은 힘겨운 싸움을 이어가고 있다. 그들의 유일한 희망은 마지막 제다이 루크 스카이워커. 저항군은 승리의 불씨를 지필 마지막 희망을 찾아 레이를 과거의 영웅 루크에게 보낸다. 레이는 우여곡절 끝에 루크를 찾아내지만, 자신의 잘못으로 레아의 아들 벤 솔로가 퍼스트 오더의 실세 카일로 렌이 되었다고 생각하는 루크는 함께 떠나자는 레이의 제안을 거절한다. 한편 레이는 알 수 없는 이유로 카일로 렌과 교감할 수 있게 된다."
스타워즈:라이즈 오브 스카이워커,https://www.themoviedb.org/t/p/w600_and_h900_bestv2/cJevdcvbBw0FhpUtrwmj1MYMiK3.jpg,J.J. Abrams,142,12,Daisy Ridley,액션,미국,2019,"포스의 균형을 교란시키는 퍼스트 오더의 수장 카일로 렌의 횡포가 극에 달한다. 저항군의 수장 레아 장군은 스타킬러 기지 파괴에는 성공하나 저항군 세력의 상당수를 잃고 전략적 후퇴를 선택한다. 퍼스트 오더 군대 내에 스파이를 두어 동태를 살피던 포 다메론은 팰퍼틴이 생존해 군대를 꾸린다는 첩보를 접한다. 제다이 수련에 빠져 있던 레이, 능숙한 파일럿으로 거듭난 핀과 포를 비롯한 소수 정예의 저항군은 팰퍼틴이 숨어 있다고 알려진 다크 사이드의 본거지 엑시골의 위치를 알아내기 위한 비밀작전을 수행한다."
반지 원정대,https://www.themoviedb.org/t/p/w600_and_h900_bestv2/7uCvKNKKLRqYYyHIRpphi3yUE6Z.jpg,Peter Jackson,165,12,Elijah Wood,모험,미국,2001,"호빗이라 불리우는 난장이 종족 중의 한 명인 프로도는 자신의 삼촌에게서 우연히 절대 반지를 물려받게 되고, 마법사 간달프를 통해서 절대반지가 사우론의 손에 들어가면 악의 세력이 세상을 지배하게 된다는 것을 알게 된다. 하지만 절대반지를 영원히 파괴할 수 있는 유일한 방법은 반지가 만들어진 불의 산의 용암에 그것을 던져 넣는 길 뿐이다. 마침내 프로도와 그의 친구들, 엘프족인 레골라스, 난장이족 김리, 두명의 인간 전사 아라곤과 보로미르, 그리고 마법사 간달프로 구성된 반지 원정대가 길고도 험난한 여정을 떠나게 되는데..."
두 개의 탑,https://www.themoviedb.org/t/p/w600_and_h900_bestv2/hjGjAdEPJF2unG8yseu5mcVb5cx.jpg,Peter Jackson,177,12,Elijah Wood,모험,미국,2002,"9명의 반지원정대는 사우론의 세력에 맞서 반지를 지켜냈지만 반지 원정대는 뿔뿔이 흩어지게 된다. 메리와 피핀을 구하기 위해 우르크하이 군대를 추격하던 아라곤과 레골라스, 김리는 유령 숲에서 백색의 마법사로 부활한 마법사 간달프를 만나게 되고 사우론이 암흑세계의 두 개의 탑을 통합하여 점점 그 세력을 넓혀가고 있다는 사실을 듣게 된다. 이에 아라곤과 원정대는 중간계의 선한 무리의 통합을 이뤄 사우론의 세력을 견제해야 하는 큰 임무를 맡게 된다. 하지만 원수지간인 곤도르와 로한으로 나뉜 인간 종족의 통합은 쉽지 않고 게다가 로한의 왕마저 사루만에게 동화되는데..."
왕의 귀환,https://www.themoviedb.org/t/p/w600_and_h900_bestv2/tAXXuEAKLk2mOEIJzwajJQEnVZu.jpg,Peter Jackson,199,12,Elijah Wood,모험,미국,2003,"사우론이 인간들의 마지막 요새인 곤도르를 향해 야욕을 드러내고 있는 한편, 아라곤은 쇠락해가고 있는 곤도르의 재건을 위해 왕위 계승을 신중하게 결정지어야만 하는 상황. 이제 중간대륙의 미래는 그의 어깨에 달려있는 것. 사우론이 이끄는 어둠의 군대와의 마지막 전투를 위해 간달프는 곤도르에 흩어져 있던 병사들을 모으고, 로한의 왕 세오덴에게 도움을 받기도 하지만 사우론의 군대에 비하면 열세를 면치 못한다. 그러나 그들은 중간대륙을 사우론의 야욕으로부터 지키려는 사명감과, 마지막 반지 운반자에게 임무를 끝낼 기회를 주기 위해 어둠의 군대를 향해 돌진하게 되는데..."
뜻밖의 여정,https://www.themoviedb.org/t/p/w600_and_h900_bestv2/vtsequVUU3W2NVfWObXkq31VIgN.jpg,Peter Jackson,169,12,Martin Freeman,모험,미국,2012,"호빗족 빌보 배긴스는 어느 날 찾아온 회색의 마법사 간달프로부터 뜻밖의 제안을 받는다. 오래 전 난쟁이족의 영토였지만 무시무시한 용 스마우그에게 빼앗겨 지금은 황무지로 변한 동쪽의 외로운 산 에레보르 왕국을 되찾기 위해 함께 떠나자는 것. 빌보는 전설의 용사 소린이 이끄는 13명의 난쟁이족과 함께 위험 가득한 여정에 오른다. 외로운 산에 가기 위해서 반드시 거쳐야 하는 고블린 동굴에서 일행과 떨어져 헤매던 빌보는 그의 일생을 뒤바꿔놓는 존재인 골룸과 마주치게 되고, 골룸과의 수수께끼 대결 중에 대단한 힘을 지닌 골룸의 보물 절대반지를 얻게 되는데..."
스마우그의 폐허,https://www.themoviedb.org/t/p/w600_and_h900_bestv2/jhnHkvYSi9AlwDcYLlv193LiOPG.jpg,Peter Jackson,161,12,Martin Freeman,판타지,미국,2013,"사나운 용 스마우그가 빼앗아간 동쪽의 외로운 산 에레보르 왕국을 되찾기 위해 뜻하지 않은 여정을 떠나게 된 호빗 빌보 배긴스와 간달프, 그리고 난쟁이족 왕족의 후예 소린이 이끄는 13명의 난쟁이족. 원정대는 외로운 산으로 가는 길에 어둠의 숲에서 모습을 자유자재로 바꾸는 베오른과 거대한 거미떼를 만나고, 난쟁이들에게 적대적인 엘프족에게 잡혔다가 도망쳐 호수마을을 지나는 등 다양한 모험을 하게 된다. 그리고 마침내 지금껏 만났던 그 어떤 존재보다도 위험하고 모두의 용기와 우정, 지혜의 한계를 시험에 들게 한 용 스마우그와 맞닥뜨리게 되는데..."
다섯 군대 전투,https://www.themoviedb.org/t/p/w600_and_h900_bestv2/tLNTaP5kcH2FDQNxGu4EkOCpMjr.jpg,Peter Jackson,144,12,Martin Freeman,액션,미국,2014,"빌보 배긴스와 참나무 방패 소린, 난쟁이 족이 떠난 거대한 여정의 끝에 난쟁이 족은 원래 자신들의 터전이던 에레보르에 있는 엄청난 보물을 되찾지만 이는 무시무시한 용 스마우그가 호수마을의 무기력한 주민들을 공격하게 되는 결과를 낳는다. 소린은 탐욕에 서서히 눈이 멀어 우정과 명예를 저버린 채 왕의 보물 아르켄스톤을 찾는다. 암흑의 군주 사우론은 오크 군대를 보내 외로운 산에 기습 공격을 감행한다. 마침내 다섯 군대의 전투가 시작되고 빌보는 본인과 친구들의 목숨을 걸고 싸워야만 하는데..."
